tile,target,LOCAL,GLOBAL,FOREST,TARGET
S2B_MSIL1C_20200928T160949_N0209_R140_T16PCC_20200928T195704_resampled_msk,Marine Debris,655.5846400874522,655.5846400874522,655.5846400874522,655.5846400878237
S2B_MSIL1C_20200928T160949_N0209_R140_T16PCC_20200928T195704_resampled_msk,Dense Sargassum,0.0,0.0,0.0,0.0
S2B_MSIL1C_20200928T160949_N0209_R140_T16PCC_20200928T195704_resampled_msk,Sparse Sargassum,0.0,0.0,0.0,0.0
S2B_MSIL1C_20200928T160949_N0209_R140_T16PCC_20200928T195704_resampled_msk,Natural Organic Material,61.36216775285514,61.36216775285514,61.36216775285514,61.36216775285514
S2B_MSIL1C_20200928T160949_N0209_R140_T16PCC_20200928T195704_resampled_msk,Ship,7780.765287128223,7780.765287128223,787.2236915424129,7812.4378861266
S2B_MSIL1C_20200928T160949_N0209_R140_T16PCC_20200928T195704_resampled_msk,Clouds,0.0,0.0,0.0,0.0
S2B_MSIL1C_20200928T160949_N0209_R140_T16PCC_20200928T195704_resampled_msk,Marine Water,0.0,0.0,100.0,17639.606568004612
S2B_MSIL1C_20200928T160949_N0209_R140_T16PCC_20200928T195704_resampled_msk,Sediment-Laden Water,0.0,0.0,0.0,0.0
S2B_MSIL1C_20200928T160949_N0209_R140_T16PCC_20200928T195704_resampled_msk,Foam,0.0,0.0,0.0,0.0
S2B_MSIL1C_20200928T160949_N0209_R140_T16PCC_20200928T195704_resampled_msk,Turbid Water,2825.9831765781587,6830.105465215553,12.81805139490138,11947.021833874012
S2B_MSIL1C_20200928T160949_N0209_R140_T16PCC_20200928T195704_resampled_msk,Shallow Water,0.0,0.0,0.0,0.0
S2B_MSIL1C_20200928T160949_N0209_R140_T16PCC_20200928T195704_resampled_msk,Waves,0.0,0.0,0.0,0.0
S2B_MSIL1C_20200928T160949_N0209_R140_T16PCC_20200928T195704_resampled_msk,Cloud Shadows,0.0,0.0,0.0,0.0
S2B_MSIL1C_20200928T160949_N0209_R140_T16PCC_20200928T195704_resampled_msk,Wakes,925.4209781720194,925.4209781720194,16.499074064568553,997.1848217051308
S2B_MSIL1C_20200928T160949_N0209_R140_T16PCC_20200928T195704_resampled_msk,Mixed Water,89.71430507842769,36.848407746563595,65.47807988335664,228.5709729911205
S2A_MSIL1C_20191201T030101_N0208_R032_T48MYU_20191201T062906_resampled_msk,Marine Debris,298.42163329374506,298.42163329374506,298.42163329374506,298.4216332901297
S2A_MSIL1C_20191201T030101_N0208_R032_T48MYU_20191201T062906_resampled_msk,Dense Sargassum,0.0,0.0,0.0,0.0
S2A_MSIL1C_20191201T030101_N0208_R032_T48MYU_20191201T062906_resampled_msk,Sparse Sargassum,0.0,0.0,0.0,0.0
S2A_MSIL1C_20191201T030101_N0208_R032_T48MYU_20191201T062906_resampled_msk,Natural Organic Material,0.0,0.0,0.0,0.0
S2A_MSIL1C_20191201T030101_N0208_R032_T48MYU_20191201T062906_resampled_msk,Ship,11665.342265802004,11598.948720146122,11567.912229555199,11686.845239124803
S2A_MSIL1C_20191201T030101_N0208_R032_T48MYU_20191201T062906_resampled_msk,Clouds,0.0,0.0,0.0,0.0
S2A_MSIL1C_20191201T030101_N0208_R032_T48MYU_20191201T062906_resampled_msk,Marine Water,385.6711199023871,307.08546307956294,485.53270126127387,9491.859238624376
S2A_MSIL1C_20191201T030101_N0208_R032_T48MYU_20191201T062906_resampled_msk,Sediment-Laden Water,0.0,0.0,0.0,0.0
S2A_MSIL1C_20191201T030101_N0208_R032_T48MYU_20191201T062906_resampled_msk,Foam,0.0,0.0,0.0,0.0
S2A_MSIL1C_20191201T030101_N0208_R032_T48MYU_20191201T062906_resampled_msk,Turbid Water,0.0,0.0,0.0,0.0
S2A_MSIL1C_20191201T030101_N0208_R032_T48MYU_20191201T062906_resampled_msk,Shallow Water,0.0,0.0,0.0,0.0
S2A_MSIL1C_20191201T030101_N0208_R032_T48MYU_20191201T062906_resampled_msk,Waves,0.0,0.0,0.0,0.0
S2A_MSIL1C_20191201T030101_N0208_R032_T48MYU_20191201T062906_resampled_msk,Cloud Shadows,0.0,0.0,0.0,0.0
S2A_MSIL1C_20191201T030101_N0208_R032_T48MYU_20191201T062906_resampled_msk,Wakes,5483.349280627436,3023.1723745598383,10038.596352427467,22819.814487034815
S2A_MSIL1C_20191201T030101_N0208_R032_T48MYU_20191201T062906_resampled_msk,Mixed Water,0.0,0.0,0.0,0.0
S2B_MSIL1C_20200918T160839_N0209_R140_T16PCC_20200918T194532_resampled_msk,Marine Debris,11911.470704977672,11872.866016300659,10644.88351238477,12285.755873307673
S2B_MSIL1C_20200918T160839_N0209_R140_T16PCC_20200918T194532_resampled_msk,Dense Sargassum,0.0,0.0,0.0,0.0
S2B_MSIL1C_20200918T160839_N0209_R140_T16PCC_20200918T194532_resampled_msk,Sparse Sargassum,0.0,0.0,0.0,0.0
S2B_MSIL1C_20200918T160839_N0209_R140_T16PCC_20200918T194532_resampled_msk,Natural Organic Material,1030.7676836524079,1030.7676836524079,894.7926258954851,1063.7055968175825
S2B_MSIL1C_20200918T160839_N0209_R140_T16PCC_20200918T194532_resampled_msk,Ship,44199.34140798135,44397.92683255691,26869.37513435322,46657.35456884246
S2B_MSIL1C_20200918T160839_N0209_R140_T16PCC_20200918T194532_resampled_msk,Clouds,11969.78824734921,18068.097186501578,4703.395190621599,183917.19955120128
S2B_MSIL1C_20200918T160839_N0209_R140_T16PCC_20200918T194532_resampled_msk,Marine Water,502.6074781568665,715.8354310920473,653.55773890938,205477.5710147263
S2B_MSIL1C_20200918T160839_N0209_R140_T16PCC_20200918T194532_resampled_msk,Sediment-Laden Water,133732.69442608336,4386673.455861973,8099.075026674968,5391969.781595805
S2B_MSIL1C_20200918T160839_N0209_R140_T16PCC_20200918T194532_resampled_msk,Foam,0.0,0.0,0.0,282.6459499483771
S2B_MSIL1C_20200918T160839_N0209_R140_T16PCC_20200918T194532_resampled_msk,Turbid Water,1010.9774780069677,1010.9774780069677,101.14805670247134,1331757.4044088882
S2B_MSIL1C_20200918T160839_N0209_R140_T16PCC_20200918T194532_resampled_msk,Shallow Water,0.0,0.0,0.0,25731.92146787376
S2B_MSIL1C_20200918T160839_N0209_R140_T16PCC_20200918T194532_resampled_msk,Waves,0.0,0.0,0.0,0.0
S2B_MSIL1C_20200918T160839_N0209_R140_T16PCC_20200918T194532_resampled_msk,Cloud Shadows,0.0,0.0,0.0,10080.053020827094
S2B_MSIL1C_20200918T160839_N0209_R140_T16PCC_20200918T194532_resampled_msk,Wakes,16891.36241709647,16448.420408237605,15831.049434635057,51906.98277995026
S2B_MSIL1C_20200918T160839_N0209_R140_T16PCC_20200918T194532_resampled_msk,Mixed Water,115.13683965838023,120.27764364261532,266.1524383976639,1165.6897486301284
S2A_MSIL1C_20201204T152641_N0209_R025_T18QYF_20201204T172051_resampled_msk,Marine Debris,788.0748120324912,788.0748120324912,202.10875432613278,788.0748120309429
S2A_MSIL1C_20201204T152641_N0209_R025_T18QYF_20201204T172051_resampled_msk,Dense Sargassum,0.0,0.0,0.0,0.0
S2A_MSIL1C_20201204T152641_N0209_R025_T18QYF_20201204T172051_resampled_msk,Sparse Sargassum,0.0,0.0,0.0,0.0
S2A_MSIL1C_20201204T152641_N0209_R025_T18QYF_20201204T172051_resampled_msk,Natural Organic Material,0.0,0.0,0.0,0.0
S2A_MSIL1C_20201204T152641_N0209_R025_T18QYF_20201204T172051_resampled_msk,Ship,1543.7854072130315,1543.7854072130315,1296.9490444820858,1543.7854072134205
S2A_MSIL1C_20201204T152641_N0209_R025_T18QYF_20201204T172051_resampled_msk,Clouds,0.0,0.0,0.0,211286.9060061031
S2A_MSIL1C_20201204T152641_N0209_R025_T18QYF_20201204T172051_resampled_msk,Marine Water,47.57630727796662,47.57630727796662,0.0,6309.007289010881
S2A_MSIL1C_20201204T152641_N0209_R025_T18QYF_20201204T172051_resampled_msk,Sediment-Laden Water,0.0,0.0,0.0,0.0
S2A_MSIL1C_20201204T152641_N0209_R025_T18QYF_20201204T172051_resampled_msk,Foam,0.0,0.0,0.0,0.0
S2A_MSIL1C_20201204T152641_N0209_R025_T18QYF_20201204T172051_resampled_msk,Turbid Water,0.0,0.0,0.0,0.0
S2A_MSIL1C_20201204T152641_N0209_R025_T18QYF_20201204T172051_resampled_msk,Shallow Water,15672.518667354412,15672.518667354412,6842.149664035594,27667.18769150998
S2A_MSIL1C_20201204T152641_N0209_R025_T18QYF_20201204T172051_resampled_msk,Waves,0.0,0.0,0.0,0.0
S2A_MSIL1C_20201204T152641_N0209_R025_T18QYF_20201204T172051_resampled_msk,Cloud Shadows,0.0,0.0,0.0,0.0
S2A_MSIL1C_20201204T152641_N0209_R025_T18QYF_20201204T172051_resampled_msk,Wakes,1730.0582030225455,1730.0582030225455,0.0,1829.4474115261573
S2A_MSIL1C_20201204T152641_N0209_R025_T18QYF_20201204T172051_resampled_msk,Mixed Water,0.0,0.0,0.0,0.0
S2A_MSIL1C_20201212T161651_N0209_R140_T16PCC_20201212T195535_resampled_msk,Marine Debris,526.604225416632,526.604225416632,526.604225416632,526.604225416351
S2A_MSIL1C_20201212T161651_N0209_R140_T16PCC_20201212T195535_resampled_msk,Dense Sargassum,0.0,0.0,0.0,0.0
S2A_MSIL1C_20201212T161651_N0209_R140_T16PCC_20201212T195535_resampled_msk,Sparse Sargassum,0.0,0.0,0.0,0.0
S2A_MSIL1C_20201212T161651_N0209_R140_T16PCC_20201212T195535_resampled_msk,Natural Organic Material,0.0,0.0,0.0,0.0
S2A_MSIL1C_20201212T161651_N0209_R140_T16PCC_20201212T195535_resampled_msk,Ship,0.0,0.0,0.0,0.0
S2A_MSIL1C_20201212T161651_N0209_R140_T16PCC_20201212T195535_resampled_msk,Clouds,0.0,0.0,0.0,0.0
S2A_MSIL1C_20201212T161651_N0209_R140_T16PCC_20201212T195535_resampled_msk,Marine Water,0.0,0.0,3509.7838237882224,320310.4193583807
S2A_MSIL1C_20201212T161651_N0209_R140_T16PCC_20201212T195535_resampled_msk,Sediment-Laden Water,0.0,190824.21610917264,0.0,530376.8825537935
S2A_MSIL1C_20201212T161651_N0209_R140_T16PCC_20201212T195535_resampled_msk,Foam,0.0,0.0,0.0,2392.6660237134556
S2A_MSIL1C_20201212T161651_N0209_R140_T16PCC_20201212T195535_resampled_msk,Turbid Water,0.0,0.0,0.251929455847625,26476.66137678332
S2A_MSIL1C_20201212T161651_N0209_R140_T16PCC_20201212T195535_resampled_msk,Shallow Water,0.0,0.0,0.0,0.0
S2A_MSIL1C_20201212T161651_N0209_R140_T16PCC_20201212T195535_resampled_msk,Waves,0.0,0.0,0.0,0.0
S2A_MSIL1C_20201212T161651_N0209_R140_T16PCC_20201212T195535_resampled_msk,Cloud Shadows,0.0,0.0,0.0,0.0
S2A_MSIL1C_20201212T161651_N0209_R140_T16PCC_20201212T195535_resampled_msk,Wakes,0.0,0.0,0.0,0.0
S2A_MSIL1C_20201212T161651_N0209_R140_T16PCC_20201212T195535_resampled_msk,Mixed Water,0.0,0.0,0.0,0.0
S2A_MSIL1C_20200915T152641_N0209_R025_T18QYF_20200915T190255_resampled_msk,Marine Debris,4147.337939254769,4147.337939254769,4114.875771038062,4147.337939253734
S2A_MSIL1C_20200915T152641_N0209_R025_T18QYF_20200915T190255_resampled_msk,Dense Sargassum,0.0,0.0,0.0,0.0
S2A_MSIL1C_20200915T152641_N0209_R025_T18QYF_20200915T190255_resampled_msk,Sparse Sargassum,0.0,0.0,0.0,0.0
S2A_MSIL1C_20200915T152641_N0209_R025_T18QYF_20200915T190255_resampled_msk,Natural Organic Material,653.3533542484826,653.3533542484826,653.3533542484826,653.3533542498036
S2A_MSIL1C_20200915T152641_N0209_R025_T18QYF_20200915T190255_resampled_msk,Ship,0.0,0.0,0.0,0.0
S2A_MSIL1C_20200915T152641_N0209_R025_T18QYF_20200915T190255_resampled_msk,Clouds,0.0,0.0,0.0,0.0
S2A_MSIL1C_20200915T152641_N0209_R025_T18QYF_20200915T190255_resampled_msk,Marine Water,698.4500050172861,598.450005017286,0.0,3996.9775202028395
S2A_MSIL1C_20200915T152641_N0209_R025_T18QYF_20200915T190255_resampled_msk,Sediment-Laden Water,0.0,0.0,0.0,0.0
S2A_MSIL1C_20200915T152641_N0209_R025_T18QYF_20200915T190255_resampled_msk,Foam,0.0,0.0,0.0,0.0
S2A_MSIL1C_20200915T152641_N0209_R025_T18QYF_20200915T190255_resampled_msk,Turbid Water,0.0,0.0,0.0,0.0
S2A_MSIL1C_20200915T152641_N0209_R025_T18QYF_20200915T190255_resampled_msk,Shallow Water,2611.319177000894,2611.319177000894,1616.6161713144024,4395.424858691287
S2A_MSIL1C_20200915T152641_N0209_R025_T18QYF_20200915T190255_resampled_msk,Waves,0.0,0.0,0.0,0.0
S2A_MSIL1C_20200915T152641_N0209_R025_T18QYF_20200915T190255_resampled_msk,Cloud Shadows,0.0,0.0,0.0,0.0
S2A_MSIL1C_20200915T152641_N0209_R025_T18QYF_20200915T190255_resampled_msk,Wakes,0.0,0.0,0.0,0.0
S2A_MSIL1C_20200915T152641_N0209_R025_T18QYF_20200915T190255_resampled_msk,Mixed Water,16.391597858100415,16.391597858100415,8.586210410736246,16.391597858100415
S2A_MSIL1C_20200824T160911_N0209_R140_T16PCC_20200824T214439_resampled_msk,Marine Debris,820.0417295783516,820.0417295783516,820.0417295783516,820.0417295790157
S2A_MSIL1C_20200824T160911_N0209_R140_T16PCC_20200824T214439_resampled_msk,Dense Sargassum,9039.227266981528,9039.227266981528,9039.227266981528,9039.22726698236
S2A_MSIL1C_20200824T160911_N0209_R140_T16PCC_20200824T214439_resampled_msk,Sparse Sargassum,1126.5057402387322,1159.2009163327116,1159.2009163327116,1230.1907927252423
S2A_MSIL1C_20200824T160911_N0209_R140_T16PCC_20200824T214439_resampled_msk,Natural Organic Material,49.16692803940957,49.16692803940957,31.864576519453884,49.16692803931203
S2A_MSIL1C_20200824T160911_N0209_R140_T16PCC_20200824T214439_resampled_msk,Ship,18106.62739310514,18285.69919246087,17364.052770770668,18624.472276266715
S2A_MSIL1C_20200824T160911_N0209_R140_T16PCC_20200824T214439_resampled_msk,Clouds,0.0,0.0,271.7655833950266,143750.24410822225
S2A_MSIL1C_20200824T160911_N0209_R140_T16PCC_20200824T214439_resampled_msk,Marine Water,3766.154785389938,10727.185381732324,14645.573189318537,609444.0206681808
S2A_MSIL1C_20200824T160911_N0209_R140_T16PCC_20200824T214439_resampled_msk,Sediment-Laden Water,0.0,179164.64797741603,0.0,216157.02503908376
S2A_MSIL1C_20200824T160911_N0209_R140_T16PCC_20200824T214439_resampled_msk,Foam,0.0,0.0,0.0,0.0
S2A_MSIL1C_20200824T160911_N0209_R140_T16PCC_20200824T214439_resampled_msk,Turbid Water,10246.835731951058,3418.2305700665784,2268.56087373355,31275.767444736768
S2A_MSIL1C_20200824T160911_N0209_R140_T16PCC_20200824T214439_resampled_msk,Shallow Water,0.0,0.0,0.0,173912.08641213886
S2A_MSIL1C_20200824T160911_N0209_R140_T16PCC_20200824T214439_resampled_msk,Waves,0.0,0.0,0.0,0.0
S2A_MSIL1C_20200824T160911_N0209_R140_T16PCC_20200824T214439_resampled_msk,Cloud Shadows,0.0,0.0,0.0,1626.5680876849929
S2A_MSIL1C_20200824T160911_N0209_R140_T16PCC_20200824T214439_resampled_msk,Wakes,25469.141617028385,59474.68942914171,36110.68652963662,155029.83770113505
S2A_MSIL1C_20200824T160911_N0209_R140_T16PCC_20200824T214439_resampled_msk,Mixed Water,0.0,0.0,0.0,0.0
S2B_MSIL1C_20201229T152639_N0209_R025_T18QYF_20201229T171806_resampled_msk,Marine Debris,5307.392750514676,5307.392750514676,5269.999925145106,5307.3927505192005
S2B_MSIL1C_20201229T152639_N0209_R025_T18QYF_20201229T171806_resampled_msk,Dense Sargassum,0.0,0.0,0.0,0.0
S2B_MSIL1C_20201229T152639_N0209_R025_T18QYF_20201229T171806_resampled_msk,Sparse Sargassum,0.0,0.0,0.0,0.0
S2B_MSIL1C_20201229T152639_N0209_R025_T18QYF_20201229T171806_resampled_msk,Natural Organic Material,0.0,0.0,0.0,0.0
S2B_MSIL1C_20201229T152639_N0209_R025_T18QYF_20201229T171806_resampled_msk,Ship,0.0,0.0,0.0,0.0
S2B_MSIL1C_20201229T152639_N0209_R025_T18QYF_20201229T171806_resampled_msk,Clouds,79320.3732111458,81590.53199445494,32677.75172314296,103066.39066671339
S2B_MSIL1C_20201229T152639_N0209_R025_T18QYF_20201229T171806_resampled_msk,Marine Water,136.2723976679199,250.1699133065939,0.0,4542.448129431382
S2B_MSIL1C_20201229T152639_N0209_R025_T18QYF_20201229T171806_resampled_msk,Sediment-Laden Water,0.0,0.0,0.0,0.0
S2B_MSIL1C_20201229T152639_N0209_R025_T18QYF_20201229T171806_resampled_msk,Foam,0.0,0.0,0.0,0.0
S2B_MSIL1C_20201229T152639_N0209_R025_T18QYF_20201229T171806_resampled_msk,Turbid Water,0.0,0.0,0.0,0.0
S2B_MSIL1C_20201229T152639_N0209_R025_T18QYF_20201229T171806_resampled_msk,Shallow Water,0.0,0.0,0.0,0.0
S2B_MSIL1C_20201229T152639_N0209_R025_T18QYF_20201229T171806_resampled_msk,Waves,0.0,0.0,0.0,0.0
S2B_MSIL1C_20201229T152639_N0209_R025_T18QYF_20201229T171806_resampled_msk,Cloud Shadows,0.0,0.0,0.0,26040.74728905547
S2B_MSIL1C_20201229T152639_N0209_R025_T18QYF_20201229T171806_resampled_msk,Wakes,0.0,0.0,0.0,0.0
S2B_MSIL1C_20201229T152639_N0209_R025_T18QYF_20201229T171806_resampled_msk,Mixed Water,145.3079715734032,145.3079715734032,91.59354824875842,185.96985967288342
S2A_MSIL1C_20210103T152641_N0209_R025_T18QYF_20210103T171702_resampled_msk,Marine Debris,1853.4022599355328,1853.4022599355328,1853.4022599355328,1853.402259936891
S2A_MSIL1C_20210103T152641_N0209_R025_T18QYF_20210103T171702_resampled_msk,Dense Sargassum,0.0,0.0,0.0,0.0
S2A_MSIL1C_20210103T152641_N0209_R025_T18QYF_20210103T171702_resampled_msk,Sparse Sargassum,0.0,0.0,0.0,0.0
S2A_MSIL1C_20210103T152641_N0209_R025_T18QYF_20210103T171702_resampled_msk,Natural Organic Material,130.40746878651836,130.40746878651836,130.40746878651836,130.40746878703592
S2A_MSIL1C_20210103T152641_N0209_R025_T18QYF_20210103T171702_resampled_msk,Ship,0.0,0.0,0.0,0.0
S2A_MSIL1C_20210103T152641_N0209_R025_T18QYF_20210103T171702_resampled_msk,Clouds,0.0,0.0,0.0,0.0
S2A_MSIL1C_20210103T152641_N0209_R025_T18QYF_20210103T171702_resampled_msk,Marine Water,99.9650647489913,99.9650647489913,168.35661994429455,3612.8504698233264
S2A_MSIL1C_20210103T152641_N0209_R025_T18QYF_20210103T171702_resampled_msk,Sediment-Laden Water,0.0,0.0,0.0,0.0
S2A_MSIL1C_20210103T152641_N0209_R025_T18QYF_20210103T171702_resampled_msk,Foam,0.0,0.0,0.0,0.0
S2A_MSIL1C_20210103T152641_N0209_R025_T18QYF_20210103T171702_resampled_msk,Turbid Water,0.0,0.0,0.0,0.0
S2A_MSIL1C_20210103T152641_N0209_R025_T18QYF_20210103T171702_resampled_msk,Shallow Water,0.0,0.0,0.0,31255.60360676342
S2A_MSIL1C_20210103T152641_N0209_R025_T18QYF_20210103T171702_resampled_msk,Waves,0.0,0.0,0.0,0.0
S2A_MSIL1C_20210103T152641_N0209_R025_T18QYF_20210103T171702_resampled_msk,Cloud Shadows,0.0,0.0,0.0,0.0
S2A_MSIL1C_20210103T152641_N0209_R025_T18QYF_20210103T171702_resampled_msk,Wakes,0.0,0.0,0.0,0.0
S2A_MSIL1C_20210103T152641_N0209_R025_T18QYF_20210103T171702_resampled_msk,Mixed Water,132.13915771242193,132.13915771242193,159.32375991563666,180.9020557511206
S2B_MSIL1C_20201222T153619_N0209_R068_T18QYF_20201222T184301_resampled_msk,Marine Debris,0.0,0.0,0.0,0.0
S2B_MSIL1C_20201222T153619_N0209_R068_T18QYF_20201222T184301_resampled_msk,Dense Sargassum,0.0,0.0,0.0,0.0
S2B_MSIL1C_20201222T153619_N0209_R068_T18QYF_20201222T184301_resampled_msk,Sparse Sargassum,0.0,0.0,0.0,0.0
S2B_MSIL1C_20201222T153619_N0209_R068_T18QYF_20201222T184301_resampled_msk,Natural Organic Material,0.0,0.0,0.0,0.0
S2B_MSIL1C_20201222T153619_N0209_R068_T18QYF_20201222T184301_resampled_msk,Ship,0.0,0.0,0.0,0.0
S2B_MSIL1C_20201222T153619_N0209_R068_T18QYF_20201222T184301_resampled_msk,Clouds,0.0,0.0,0.0,0.0
S2B_MSIL1C_20201222T153619_N0209_R068_T18QYF_20201222T184301_resampled_msk,Marine Water,0.0,0.0,0.0,0.0
S2B_MSIL1C_20201222T153619_N0209_R068_T18QYF_20201222T184301_resampled_msk,Sediment-Laden Water,0.0,0.0,0.0,0.0
S2B_MSIL1C_20201222T153619_N0209_R068_T18QYF_20201222T184301_resampled_msk,Foam,0.0,0.0,0.0,0.0
S2B_MSIL1C_20201222T153619_N0209_R068_T18QYF_20201222T184301_resampled_msk,Turbid Water,0.0,0.0,0.0,0.0
S2B_MSIL1C_20201222T153619_N0209_R068_T18QYF_20201222T184301_resampled_msk,Shallow Water,0.0,0.0,0.0,0.0
S2B_MSIL1C_20201222T153619_N0209_R068_T18QYF_20201222T184301_resampled_msk,Waves,0.0,0.0,0.0,0.0
S2B_MSIL1C_20201222T153619_N0209_R068_T18QYF_20201222T184301_resampled_msk,Cloud Shadows,0.0,0.0,0.0,0.0
S2B_MSIL1C_20201222T153619_N0209_R068_T18QYF_20201222T184301_resampled_msk,Wakes,0.0,0.0,0.0,0.0
S2B_MSIL1C_20201222T153619_N0209_R068_T18QYF_20201222T184301_resampled_msk,Mixed Water,0.0,0.0,0.0,0.0
S2B_MSIL1C_20201129T152639_N0209_R025_T18QYF_20201129T171704_resampled_msk,Marine Debris,903.2197142143463,903.2197142143463,845.5787394947598,903.2197142141666
S2B_MSIL1C_20201129T152639_N0209_R025_T18QYF_20201129T171704_resampled_msk,Dense Sargassum,0.0,0.0,0.0,0.0
S2B_MSIL1C_20201129T152639_N0209_R025_T18QYF_20201129T171704_resampled_msk,Sparse Sargassum,0.0,0.0,0.0,0.0
S2B_MSIL1C_20201129T152639_N0209_R025_T18QYF_20201129T171704_resampled_msk,Natural Organic Material,0.0,0.0,0.0,0.0
S2B_MSIL1C_20201129T152639_N0209_R025_T18QYF_20201129T171704_resampled_msk,Ship,142.47525925496552,142.47525925496552,158.76859747992324,158.76859747905257
S2B_MSIL1C_20201129T152639_N0209_R025_T18QYF_20201129T171704_resampled_msk,Clouds,0.0,0.0,0.0,0.0
S2B_MSIL1C_20201129T152639_N0209_R025_T18QYF_20201129T171704_resampled_msk,Marine Water,100.12450182641173,100.12450182641173,222.53710794903554,4455.274634320349
S2B_MSIL1C_20201129T152639_N0209_R025_T18QYF_20201129T171704_resampled_msk,Sediment-Laden Water,0.0,0.0,0.0,0.0
S2B_MSIL1C_20201129T152639_N0209_R025_T18QYF_20201129T171704_resampled_msk,Foam,0.0,0.0,0.0,0.0
S2B_MSIL1C_20201129T152639_N0209_R025_T18QYF_20201129T171704_resampled_msk,Turbid Water,0.0,0.0,0.0,0.0
S2B_MSIL1C_20201129T152639_N0209_R025_T18QYF_20201129T171704_resampled_msk,Shallow Water,0.0,0.0,0.0,0.0
S2B_MSIL1C_20201129T152639_N0209_R025_T18QYF_20201129T171704_resampled_msk,Waves,0.0,0.0,0.0,0.0
S2B_MSIL1C_20201129T152639_N0209_R025_T18QYF_20201129T171704_resampled_msk,Cloud Shadows,0.0,0.0,0.0,0.0
S2B_MSIL1C_20201129T152639_N0209_R025_T18QYF_20201129T171704_resampled_msk,Wakes,0.0,0.0,0.0,0.0
S2B_MSIL1C_20201129T152639_N0209_R025_T18QYF_20201129T171704_resampled_msk,Mixed Water,28.155473648782827,28.155473648782827,28.155473648782827,28.15547364880056
S2B_MSIL1C_20171206T030059_N0206_R032_T48MYU_20171206T081708_resampled_msk,Marine Debris,304.9081770824025,304.9081770824025,304.9081770824025,304.9081770834031
S2B_MSIL1C_20171206T030059_N0206_R032_T48MYU_20171206T081708_resampled_msk,Dense Sargassum,0.0,0.0,0.0,0.0
S2B_MSIL1C_20171206T030059_N0206_R032_T48MYU_20171206T081708_resampled_msk,Sparse Sargassum,0.0,0.0,0.0,0.0
S2B_MSIL1C_20171206T030059_N0206_R032_T48MYU_20171206T081708_resampled_msk,Natural Organic Material,0.0,0.0,0.0,0.0
S2B_MSIL1C_20171206T030059_N0206_R032_T48MYU_20171206T081708_resampled_msk,Ship,1953.165817092317,1953.165817092317,1884.672783531848,2085.0080714607147
S2B_MSIL1C_20171206T030059_N0206_R032_T48MYU_20171206T081708_resampled_msk,Clouds,0.0,0.0,0.0,0.0
S2B_MSIL1C_20171206T030059_N0206_R032_T48MYU_20171206T081708_resampled_msk,Marine Water,51.91770803183317,88.90555512144198,128.41937433355747,4344.219187548672
S2B_MSIL1C_20171206T030059_N0206_R032_T48MYU_20171206T081708_resampled_msk,Sediment-Laden Water,0.0,0.0,0.0,0.0
S2B_MSIL1C_20171206T030059_N0206_R032_T48MYU_20171206T081708_resampled_msk,Foam,0.0,0.0,0.0,0.0
S2B_MSIL1C_20171206T030059_N0206_R032_T48MYU_20171206T081708_resampled_msk,Turbid Water,121.75265404803248,121.75265404803248,121.75265404803248,231.92977770127095
S2B_MSIL1C_20171206T030059_N0206_R032_T48MYU_20171206T081708_resampled_msk,Shallow Water,0.0,0.0,0.0,2630.5056541485487
S2B_MSIL1C_20171206T030059_N0206_R032_T48MYU_20171206T081708_resampled_msk,Waves,0.0,0.0,0.0,0.0
S2B_MSIL1C_20171206T030059_N0206_R032_T48MYU_20171206T081708_resampled_msk,Cloud Shadows,0.0,0.0,0.0,0.0
S2B_MSIL1C_20171206T030059_N0206_R032_T48MYU_20171206T081708_resampled_msk,Wakes,0.0,0.0,0.0,0.0
S2B_MSIL1C_20171206T030059_N0206_R032_T48MYU_20171206T081708_resampled_msk,Mixed Water,0.0,0.0,0.0,0.0
S2A_MSIL1C_20201115T162541_N0209_R040_T16PCC_20201115T183321_resampled_msk,Marine Debris,111.70655067085377,111.70655067085377,72.45190163722594,111.7065506698238
S2A_MSIL1C_20201115T162541_N0209_R040_T16PCC_20201115T183321_resampled_msk,Dense Sargassum,0.0,0.0,0.0,0.0
S2A_MSIL1C_20201115T162541_N0209_R040_T16PCC_20201115T183321_resampled_msk,Sparse Sargassum,0.0,0.0,0.0,0.0
S2A_MSIL1C_20201115T162541_N0209_R040_T16PCC_20201115T183321_resampled_msk,Natural Organic Material,0.0,0.0,0.0,0.0
S2A_MSIL1C_20201115T162541_N0209_R040_T16PCC_20201115T183321_resampled_msk,Ship,6240.101558943603,6259.707219841008,3061.455435063215,6315.5641007838385
S2A_MSIL1C_20201115T162541_N0209_R040_T16PCC_20201115T183321_resampled_msk,Clouds,20615.370816994495,24232.522604213624,7221.31650167693,757327.6601370097
S2A_MSIL1C_20201115T162541_N0209_R040_T16PCC_20201115T183321_resampled_msk,Marine Water,7.187327852560614,7.187327852560614,107.89179150941345,69850.44046705352
S2A_MSIL1C_20201115T162541_N0209_R040_T16PCC_20201115T183321_resampled_msk,Sediment-Laden Water,0.0,0.0,0.0,0.0
S2A_MSIL1C_20201115T162541_N0209_R040_T16PCC_20201115T183321_resampled_msk,Foam,0.0,0.0,0.0,0.0
S2A_MSIL1C_20201115T162541_N0209_R040_T16PCC_20201115T183321_resampled_msk,Turbid Water,0.0,0.0,0.0,67566.27252051522
S2A_MSIL1C_20201115T162541_N0209_R040_T16PCC_20201115T183321_resampled_msk,Shallow Water,0.0,0.0,0.0,6612.159076966238
S2A_MSIL1C_20201115T162541_N0209_R040_T16PCC_20201115T183321_resampled_msk,Waves,0.0,0.0,0.0,0.0
S2A_MSIL1C_20201115T162541_N0209_R040_T16PCC_20201115T183321_resampled_msk,Cloud Shadows,0.0,0.0,0.0,61812.04500001374
S2A_MSIL1C_20201115T162541_N0209_R040_T16PCC_20201115T183321_resampled_msk,Wakes,1825.0140262498523,2219.4761684581076,391.2146212390792,4572.048790500678
S2A_MSIL1C_20201115T162541_N0209_R040_T16PCC_20201115T183321_resampled_msk,Mixed Water,0.0,0.0,0.0,0.0
S2A_MSIL1C_20201214T152641_N0209_R025_T18QYF_20201214T171649_resampled_msk,Marine Debris,1189.9285891776422,1189.9285891776422,1189.9285891776422,1189.9285891783568
S2A_MSIL1C_20201214T152641_N0209_R025_T18QYF_20201214T171649_resampled_msk,Dense Sargassum,0.0,0.0,0.0,0.0
S2A_MSIL1C_20201214T152641_N0209_R025_T18QYF_20201214T171649_resampled_msk,Sparse Sargassum,0.0,0.0,0.0,0.0
S2A_MSIL1C_20201214T152641_N0209_R025_T18QYF_20201214T171649_resampled_msk,Natural Organic Material,0.0,0.0,0.0,0.0
S2A_MSIL1C_20201214T152641_N0209_R025_T18QYF_20201214T171649_resampled_msk,Ship,3999.165036870949,3999.165036870949,3367.868162575235,3999.1650368696532
S2A_MSIL1C_20201214T152641_N0209_R025_T18QYF_20201214T171649_resampled_msk,Clouds,0.0,0.0,0.0,0.0
S2A_MSIL1C_20201214T152641_N0209_R025_T18QYF_20201214T171649_resampled_msk,Marine Water,130.36701899427564,145.71550873500004,0.0,7225.534836635332
S2A_MSIL1C_20201214T152641_N0209_R025_T18QYF_20201214T171649_resampled_msk,Sediment-Laden Water,0.0,0.0,0.0,0.0
S2A_MSIL1C_20201214T152641_N0209_R025_T18QYF_20201214T171649_resampled_msk,Foam,0.0,0.0,0.0,0.0
S2A_MSIL1C_20201214T152641_N0209_R025_T18QYF_20201214T171649_resampled_msk,Turbid Water,0.0,0.0,0.0,0.0
S2A_MSIL1C_20201214T152641_N0209_R025_T18QYF_20201214T171649_resampled_msk,Shallow Water,6917.401940701046,7002.110845503147,1413.3322068858529,9092.923686858738
S2A_MSIL1C_20201214T152641_N0209_R025_T18QYF_20201214T171649_resampled_msk,Waves,0.0,0.0,0.0,0.0
S2A_MSIL1C_20201214T152641_N0209_R025_T18QYF_20201214T171649_resampled_msk,Cloud Shadows,0.0,0.0,0.0,0.0
S2A_MSIL1C_20201214T152641_N0209_R025_T18QYF_20201214T171649_resampled_msk,Wakes,173.88846899318548,205.45202593525732,86.21448804792988,263.7292237601417
S2A_MSIL1C_20201214T152641_N0209_R025_T18QYF_20201214T171649_resampled_msk,Mixed Water,114.50787733241896,114.50787733241896,114.50787733241896,133.14579527217435
S2A_MSIL1C_20201015T152651_N0209_R025_T18QYF_20201015T171701_resampled_msk,Marine Debris,852.3086326553972,852.3086326553972,852.3086326553972,852.3086326522466
S2A_MSIL1C_20201015T152651_N0209_R025_T18QYF_20201015T171701_resampled_msk,Dense Sargassum,88.68494951964577,88.68494951964577,88.68494951964577,88.68494951941526
S2A_MSIL1C_20201015T152651_N0209_R025_T18QYF_20201015T171701_resampled_msk,Sparse Sargassum,2054.189200208983,2164.6246857054134,2164.6246857054134,2265.231687427271
S2A_MSIL1C_20201015T152651_N0209_R025_T18QYF_20201015T171701_resampled_msk,Natural Organic Material,3114.957961786407,3114.957961786407,2425.433801019162,3114.957961782616
S2A_MSIL1C_20201015T152651_N0209_R025_T18QYF_20201015T171701_resampled_msk,Ship,8534.150260776978,8534.150260776978,8534.150260776978,8534.150260775075
S2A_MSIL1C_20201015T152651_N0209_R025_T18QYF_20201015T171701_resampled_msk,Clouds,0.0,0.0,0.0,0.0
S2A_MSIL1C_20201015T152651_N0209_R025_T18QYF_20201015T171701_resampled_msk,Marine Water,118.39857204668593,118.39857204668593,71.99036199195116,1434.2345459477483
S2A_MSIL1C_20201015T152651_N0209_R025_T18QYF_20201015T171701_resampled_msk,Sediment-Laden Water,0.0,0.0,0.0,0.0
S2A_MSIL1C_20201015T152651_N0209_R025_T18QYF_20201015T171701_resampled_msk,Foam,0.0,0.0,0.0,0.0
S2A_MSIL1C_20201015T152651_N0209_R025_T18QYF_20201015T171701_resampled_msk,Turbid Water,0.0,0.0,0.0,0.0
S2A_MSIL1C_20201015T152651_N0209_R025_T18QYF_20201015T171701_resampled_msk,Shallow Water,0.0,0.0,0.0,0.0
S2A_MSIL1C_20201015T152651_N0209_R025_T18QYF_20201015T171701_resampled_msk,Waves,0.0,0.0,0.0,0.0
S2A_MSIL1C_20201015T152651_N0209_R025_T18QYF_20201015T171701_resampled_msk,Cloud Shadows,0.0,0.0,0.0,0.0
S2A_MSIL1C_20201015T152651_N0209_R025_T18QYF_20201015T171701_resampled_msk,Wakes,0.0,0.0,0.0,0.0
S2A_MSIL1C_20201015T152651_N0209_R025_T18QYF_20201015T171701_resampled_msk,Mixed Water,34.04309315416896,34.04309315416896,0.0,34.04309315416896
S2B_MSIL1C_20201020T152639_N0209_R025_T18QYF_20201020T171805_resampled_msk,Marine Debris,469.4941572115398,469.4941572115398,469.4941572115398,469.49415721081914
S2B_MSIL1C_20201020T152639_N0209_R025_T18QYF_20201020T171805_resampled_msk,Dense Sargassum,0.0,0.0,0.0,0.0
S2B_MSIL1C_20201020T152639_N0209_R025_T18QYF_20201020T171805_resampled_msk,Sparse Sargassum,0.0,0.0,0.0,0.0
S2B_MSIL1C_20201020T152639_N0209_R025_T18QYF_20201020T171805_resampled_msk,Natural Organic Material,0.0,0.0,0.0,0.0
S2B_MSIL1C_20201020T152639_N0209_R025_T18QYF_20201020T171805_resampled_msk,Ship,3776.170244631368,3776.170244631368,3776.170244631368,3776.170244632512
S2B_MSIL1C_20201020T152639_N0209_R025_T18QYF_20201020T171805_resampled_msk,Clouds,0.0,0.0,0.0,420701.58592676226
S2B_MSIL1C_20201020T152639_N0209_R025_T18QYF_20201020T171805_resampled_msk,Marine Water,195.00424869144683,195.00424869144683,93.5712981020169,2708.589472952446
S2B_MSIL1C_20201020T152639_N0209_R025_T18QYF_20201020T171805_resampled_msk,Sediment-Laden Water,0.0,0.0,0.0,0.0
S2B_MSIL1C_20201020T152639_N0209_R025_T18QYF_20201020T171805_resampled_msk,Foam,0.0,0.0,0.0,0.0
S2B_MSIL1C_20201020T152639_N0209_R025_T18QYF_20201020T171805_resampled_msk,Turbid Water,0.0,0.0,0.0,0.0
S2B_MSIL1C_20201020T152639_N0209_R025_T18QYF_20201020T171805_resampled_msk,Shallow Water,0.0,0.0,0.0,0.0
S2B_MSIL1C_20201020T152639_N0209_R025_T18QYF_20201020T171805_resampled_msk,Waves,0.0,0.0,0.0,0.0
S2B_MSIL1C_20201020T152639_N0209_R025_T18QYF_20201020T171805_resampled_msk,Cloud Shadows,0.0,0.0,0.0,0.0
S2B_MSIL1C_20201020T152639_N0209_R025_T18QYF_20201020T171805_resampled_msk,Wakes,0.0,0.0,0.0,0.0
S2B_MSIL1C_20201020T152639_N0209_R025_T18QYF_20201020T171805_resampled_msk,Mixed Water,30.990316902306404,30.990316902306404,12.988992486291636,73.62461054308895
